{"cameraMode":{"drawMode":0,"name":"Shaded","section":"Shading Mode"},"sceneLighting":true,"audioPlay":false,"sceneViewState":{"m_AlwaysRefresh":false,"showFog":true,"showSkybox":true,"showFlares":true,"showImageEffects":true,"showParticleSystems":true,"showVisualEffectGraphs":true,"m_FxEnabled":true},"in2DMode":false,"pivot":{"x":-1.964826226234436,"y":1.1546647548675538,"z":1.8805873394012452},"rotation":{"x":0.10938198119401932,"y":-0.6157336831092835,"z":0.08811381459236145,"w":0.7753757834434509},"size":3.1310477256774904,"orthographic":false}