{"cameraMode":{"drawMode":0,"name":"Shaded","section":"Shading Mode"},"sceneLighting":true,"audioPlay":false,"sceneViewState":{"m_AlwaysRefresh":false,"showFog":true,"showSkybox":true,"showFlares":true,"showImageEffects":true,"showParticleSystems":true,"showVisualEffectGraphs":true,"m_FxEnabled":true},"in2DMode":false,"pivot":{"x":20.259098052978517,"y":8.767074584960938,"z":-14.932258605957032},"rotation":{"x":0.07836128026247025,"y":-0.46657896041870119,"z":0.04154497757554054,"w":0.8800264596939087},"size":0.6832598447799683,"orthographic":false}