{"cameraMode":{"drawMode":0,"name":"Shaded","section":"Shading Mode"},"sceneLighting":false,"audioPlay":false,"sceneViewState":{"m_AlwaysRefresh":false,"showFog":true,"showSkybox":false,"showFlares":true,"showImageEffects":true,"showParticleSystems":true,"showVisualEffectGraphs":true,"m_FxEnabled":true},"in2DMode":false,"pivot":{"x":0.019999980926513673,"y":3.109999656677246,"z":0.19000005722045899},"rotation":{"x":0.10938198119401932,"y":-0.6157336831092835,"z":0.08811381459236145,"w":0.7753757834434509},"size":2.0615527629852297,"orthographic":false}