{"cameraMode":{"drawMode":0,"name":"Shaded","section":"Shading Mode"},"sceneLighting":false,"audioPlay":false,"sceneViewState":{"m_AlwaysRefresh":false,"showFog":true,"showSkybox":false,"showFlares":true,"showImageEffects":true,"showParticleSystems":true,"showVisualEffectGraphs":true,"m_FxEnabled":true},"in2DMode":false,"pivot":{"x":1.2860698699951172,"y":1.280943751335144,"z":0.5429446697235107},"rotation":{"x":0.10774554312229157,"y":-0.30844157934188845,"z":0.03624074533581734,"w":0.9444542527198792},"size":0.5722761750221252,"orthographic":false}